Kode Barang,Stock Opname
0005ZKWWA00,100
04101MJSJ20,100
06110092671G,100
6110092912,100
6110398912,100
6111087040,100
06111087040G,100
6111383020,100
6111397000,100
06111397000G,100
06111K64J00,100
06111KYJ900,100
06111MFL000,100
06111MGZA00,100
06111MJED00,100
06111MJLD30,100
06111MJPA60,100
06112K64J00,100
06112KYJ901,100
06112MGPJ00,100
06112MGZK00,100
06112MJED00,100
06112MJED01,100
06112MJLJ20,100
06112MJPA60,100
06112MJPA80,100
06132MGP305,100
06132MKF305,100
06141GN5505,100
06141KRS505,100
06141KVB505,100
06141KWB505,100
06160KPPT00,100
06160KYJ900,100
061A1439000,100
061A1439000G,100
061A1439001,100
061A1439003,100
061A1439912,100
061A1439922,100
061A1439922G,100
061A1440000G,100
061A1440912,100
061A1GB0910G,100
061A1GB0912,100
061A1GB1910G,100
061A1GB1912,100
061A1GB6910G,100
061A1GB6912,100
061A1GF6914,100
061A1GF6914G,100
061A1GN8000,100
061A1GN8002,100
061A1GN8910G,100
061A1GN8912,100
061A1KC6922,100
061A1KC6922G,100
061A1KCJ000G,100
061A1KCJ912,100
061A1KEG000,100
061A1KEG000G,100
061A1KEG002,100
061A1KEG912,100
061A1KEH000,100
061A1KEH001,100
061A1KEH002,100
061A1KEH003,100
061A1KEH912,100
061A1KEV000,100
061A1KEV001,100
061A1KEV002,100
061A1KEV003,100
061A1KFL000,100
061A1KFL001,100
061A1KFL002,100
061A1KFL003,100
061A1KG2000,100
061A1KG2000G,100
061A1KG2001,100
061A1KG2002,100
061A1KG2003,100
061A1KG2912,100
061A1KG2922,100
061A1KG2922G,100
061A1KPH000,100
061A1KPH001,100
061A1KPH002,100
061A1KPH003,100
061A1KVB003,100
061A1KVY003,100
061A1KWB003,100
061A1KWC004,100
061B1439000G,100
061B1439922,100
061B1439922G,100
061B1GB0910,100
061B1GB0910G,100
061B1GB1910,100
061B1GB1910G,100
061B1GB6910,100
061B1GB6910G,100
061B1GN8000,100
061B1GN8001,100
061B1GN8002,100
061B1GN8910,100
061B1GN8910G,100
061B1GN8920,100
061B1GN8920G,100
061B1KB9000,100
061B1KB9001,100
061B1KB9002,100
061B1KB9010,100
061B1KB9010G,100
061B1KCJ000,100
061B1KCJ000G,100
061B1KEH000,100
061B1KEH001,100
061B1KEH002,100
061B1KEH003,100
061B1KEV000,100
061B1KEV001,100
061B1KEV002,100
061B1KEV003,100
061B1KFL000,100
061B1KFL001,100
061B1KFL002,100
061B1KFL003,100
061B1KPH000,100
061B1KPH001,100
061B1KPH002,100
061B1KPH003,100
061B1KVB003,100
061B1KVY003,100
061B1KWB003,100
061B1KWC003,100
06221KEH305,100
06351MKCA01,100
06381GF6300,100
06381GF6P00,100
06381KCN300,100
06381KEV880,100
06381KFM901,100
06381KFMP00,100
06381KPH900,100
06381KVB930,100
06381KVY960,100
06381KWB920,100
06381KWC900,100
06381KWW920,100
06381KWWA80,100
06381KZLA00,100
06381KZR600,100
06401K15900,100
06401K18900,100
06401K41N01,100
06401K45N01,100
06401K45N41,100
06401K56N00,100
06401K56N11,100
06401KCJ691,100
06401KEH900,100
06401KEV881,100
06401KPH881,100
06401KTL700,100
06401KWB900,100
06401KWC900,100
06401KWW900,100
06401KYE900,100
06401KYZ900,100
06406MFL601,100
06406MGZD00,100
06406MGZD01,100
06406MJED00,100
06406MJSD70,100
06410GCR000,100
06410KEA750,100
06410KR3620,100
06410KSP900,100
06410MBB000,100
06410MELD20,100
06410MERD00,100
06410MGSD30,100
06420K84900,100
06420KZZ900,100
06420MJPG51,100
06420MKKD00,100
06421K84900,100
06421MJPG51,100
06421MKKD00,100
06422MJPG51,100
06422MKKD00,100
06430KEH880,100
06430KGA900,100
06430KVR600,100
06430KWN900,100
06430KZL930,100
06431MA3405,100
06435K07901,100
06435K40F11,100
06435K56N01,100
06435K64N01,100
06435K97N01,100
06435KGH900,100
06435KGH901,100
06435KPC641,100
06435KPC642,100
06435KPP901,100
06435KPPT01,100
06435KREG31,100
06435KSPB01,100
06435KSPB02,100
06435KTYH51,100
06435KWC901,100
06435KYJ901,100
06435KZZ901,100
06435MEJ026,100
06435MELD23,100
06435MGSD32,100
06435MGZJ01,100
06435MKCA01,100
06436MCT016,100
06436MEH006,100
0643AKVY700,100
06440K84900,100
06440KZZ900,100
06440MJPG51,100
06440MKKD00,100
06441K84900,100
06446KAN630,100
06450GB6921,100
6451166405,100
6451443405,100
6451961405,100
06451GE2405,100
06451KEV650,100
06451KZZ901,100
06451MA7405,100
06451MA7406,100
06451MCJ751,100
06451MCZ006,100
06451MEL003,100
06451MGPD81,100
06451MZ2405,100
06452MCZ006,100
06452MEL003,100
06452MGPD81,100
06455K20911,100
06455K29D01,100
06455K33D52,100
06455K40F11,100
06455K46N21,100
06455K56N01,100
06455K84901,100
06455KEV650,100
06455KPP901,100
06455KPPN01,100
06455KR3402,100
06455KR3403,100
06455KR3404,100
06455KR3405,100
06455KREK01,100
06455KVB401,100
06455KVBT01,100
06455KVY911,100
06455KW6843,100
06455KW6844,100
06455KWB601,100
06455KWC901,100
06455KWF951,100
06455KWN931,100
06455KYE901,100
06455KYJ901,100
06455KYJ911,100
06455KZL931,100
06455MGPD81,100
06455MGSD32,100
06455MJED02,100
06455MJPG52,100
06455MKCA01,100
06455MKFD41,100
06455MKFD61,100
06455MKKD01,100
06530GBGB20,100
06531GBGB20,100
06531KW6840,100
6535041010,100
06535GN5505,100
06535KTR900,100
06890KWN305A,100
06910MCA000,100
07300CBRRED,100
07300K64A00,100
07353AEROXFMB,100
07354KG41200,100
073620050002KS,100
073730020001SA,100
073730020002SA,100
073730030001L,100
0771738PF221TT,100
79842000000,100
08000GVE33N,100
08000K16BLU,100
08000K16GLD,100
08000K16RBLU,100
08000K16RBRW,100
08000K16RED,100
08000K16RRED,100
08000K18SLV,100
08000K25GRED,100
08000K25GSLV,100
08000K25RED,100
08000K25SLV,100
08000K45BLA,100
08000K45RED,100
08000K45REP,100
08000K46CRO,100
08000K56GLD,100
08000K59CRO,100
08000K59GLD,100
08000K59GUN,100
08000K61RED,100
08000K61SLV,100
08000KVYPIU,100
08000KVYVBLUE,100
08000KVYVPINK,100
08000KVYVRED,100
08000KWBBLU,100
08000KWBRED,100
08000KWBSLV,100
08000KYEBLU,100
08000KYERED,100
08000KYESLV,100
08000KYT700,100
08000KYT800,100
08000KZLGBLUE,100
08000KZLGRED,100
08000KZLGSLV,100
08000KZRA00,100
08000KZRJCO,100
08000SHD48L,100
08001KYT800,100
08001SHD48L,100
08001SHDE48,100
08001SHDK56,100
08002SHDE48,100
0800AK15GRED,100
0800AK45BLA,100
0800AK45G00,100
0800AK56F00,100
0800AK59CRO,100
0800AK81AGRE,100
0800AK81ARED,100
0800AK93ABLKSP,100
0800AK93ABLKST,100
0800AK93ABRWST,100
0800AK93AREDSP,100
0800AK93AWHISP,100
0800AKVBBLU,100
0800AKVBRED,100
0800AKVBSLV,100
0800AKVYBLU,100
0800AKVYGRY,100
0800AKVYPNK,100
0800AKVYRED,100
0800AKVYSLV,100
0800BGVE33N,100
0800BK25GVI,100
0800BK45GBLA,100
0800BK45GRED,100
0800BK45GRWHI,100
0800BK45GWHI,100
0800BK46GVI,100
0800BKVBBLU,100
0800BKVBGUN,100
0800BKVBRED,100
0800BKVBSLV,100
0800BKVYBLU,100
0800BKVYGRY,100
0800BKVYPNK,100
0800BKVYRED,100
0800BKVYSLV,100
0800BSHD48L,100
0800CK59CRO,100
0800CK59GLD,100
08100KVYZRED,100
08100KVYZSLV,100
082322MAK0LN1,100
082322MAK0LN3,100
082322MAK0LN9,100
082322MAK1LN1,100
082322MAK1LN3,100
082322MAK1LN9,100
082322MAK2LN3,100
082322MAK8LN1,100
082322MAK8LN9,100
082322MAU0JN3,100
082322MAU1JN3,100
082322MBK0LN1,100
082322MBK0LN3,100
082322MBK1LN9,100
082322MBK8JN1,100
082322MBK8LN9,100
08232M99K1BN9,100
08232M99K1JN1,100
08232M99K1JN9,100
08232M99K8BN9,100
08232M99K8JN1,100
08232M99K8JN9,100
08232M99K8JZ9,100
08233M99K1JN9,100
08233M99K8JN9,100
082342MAK0LN0,100
082342MAK0LN9,100
082342MAK1LN0,100
082342MAK1LN9,100
082342MAK8LN0,100
082342MAK8LN9,100
082342MBK0LN0,100
082342MBK8JN0,100
08234M99K0JN9,100
08234M99K1JN9,100
08264M99Z0BN9,100
08294M99Z8YN1,100
08294M99Z8YN9,100
08500M99K1JN9,100
08500M99K8JN1,100
08600M99K1JN9,100
0871744PR221TT,100
0871845PF221TT,100
08CLAH50500A,100
08F00MJPG50,100
08F44K59CRO,100
08F44K61A00,100
08F44K81AGRE,100
08F44K81ARED,100
08F44KVYBLU,100
08F44KVYPNK,100
08F44KVYRED,100
08F44KVYSLV,100
08F44KVYVBL,100
08F44KVYVBLU,100
08F44KVYVRED,100
08F44KVYVSLV,100
08F44KZRJCO,100
08F47K97G00,100
08F47KYT700C,100
08F47KYT720A,100
08F48KWN760X  ,100
08F53KVB720RED,100
08F53KVB740SLV,100
08F53KVYBLU,100
08F53KVYPNK,100
08F53KVYRED,100
08F53KVYSLV,100
08F63KWN700X,100
08F69KPP720X,100
08F69KYJ720X,100
08F70KYJ700AX,100
08F70KYJ700BX,100
08F70MJED00ZE,100
08F71KWB710E,100
08F71KWB710F,100
08F71KWB720E,100
08F71KWB720F,100
08F71KWB740E,100
08F71KWB740F,100
08F71KYJ700AX,100
08F71KYJ700BX,100
08F71KYJ700CX,100
08F71KYJ700DX,100
08F71KYJ700EX,100
08F71MGZJ01ZH,100
08F71MJED00,100
08F72KYJ700AX,100
08F72KYJ700BX,100
08F72KYJ700X,100
08F72MJED00,100
08F73KWB710E,100
08F73KWB710F,100
08F73KWB720E,100
08F73KWB720F,100
08F73KWB740E,100
08F73KWB740F,100
08F73KYJ700AX,100
08F73KYJ700BX,100
08F74KYJ700AX,100
08F74KYJ700BX,100
08F74KYJ700X,100
08F80K18SLV,100
08F80K56F00,100
08F81KPP720AX,100
08F81KPP720X,100
08F81KVB710C,100
08F81KVB720C,100
08F81KVB740C,100
08F81KYJ720BX,100
08F81KYJ720X,100
08F81MGZJ40,100
08F83KVB720RED,100
08F83KVB740SLV,100
